date,link,user_logo,screenname,full_text,media,username,location,bio,url,title,description,likes,rts,user_follower_count,quoted_status_id,id
2020-01-22T18:14:34.000Z,https://twitter.com/PrisonPlanet/status/1220047117537947661,https://pbs.twimg.com/profile_images/1341881916337889280/svFuJHGb_400x400.jpg,PrisonPlanet,"Here's how Ecudaor disposes of their litter.

Greta going to be visiting Quito any time soon, or just lecturing the U.S. &amp; Europe?

https://twitter.com/gojonewsnow/status/1218235541512228864/video/1",,Paul Joseph Watson,London,"""Watson is a brilliant polemicist."" The Spectator.....‚ÄùPopular cutting edge political commentator.‚Äù The Jewish Voice.",https://twitter.com/gojonewsnow/status/1218235541512228864/video/1,,,25035,10278,1206694,,1220047117537947661
2019-12-31T22:02:46.000Z,https://twitter.com/BrentBeshore/status/1212132011890003969,https://pbs.twimg.com/profile_images/1140592638413795328/AQQs0JWa_400x400.png,BrentBeshore,"@APompliano ""Any business less than five years old is one bad decision away from failing.""",,Brent Beshore,Flyover Country,"Christian // @PermanentEquity // @CapitalCamp // Author of ""The Messy Marketplace""",,,,47,3,76433,,1212132011890003969
2020-01-20T18:49:36.000Z,https://twitter.com/jdnoc/status/1219331158602850310,https://pbs.twimg.com/profile_images/1158042147955892225/HntzpCLX_400x400.jpg,jdnoc,"Don't focus on the results. Focus on effective work.

When effective work is the focus the results are inevitable.",,Jordan O'Connor,"Rochester, NY",Tweeting about the intersection of valuable skills. Founder: @closettools. Learning: @quantsecrets. Writing: http://jdnoc.com/blog,,,,31,2,7412,,1219331158602850310
2020-01-22T20:28:07.000Z,https://twitter.com/JoshDoody/status/1220080725178888193,https://pbs.twimg.com/profile_images/589458900518182913/WvyQytlV_400x400.png,JoshDoody,"I‚Äôm answering questions on @IndieHackers for the next 30 minutes or so! Drop in to ask about salary negotiation, entrepreneurship, how I make decisions, or anything else! 

https://www.indiehackers.com/post/im-a-salary-negotiation-coach-for-experienced-software-developers-going-to-big-tech-companies-ask-me-anything-d021584177",,Josh Doody,"Gainesville, FL",I help experienced Software Developers negotiate job offers from big tech companies like Google and Amazon. Learn more: http://fearlesssalarynegotiation.com/coach,https://www.indiehackers.com/post/im-a-salary-negotiation-coach-for-experienced-software-developers-going-to-big-tech-companies-ask-me-anything-d021584177,"Stripe I'm a salary negotiation coach for experienced software developers going to big tech companies, ask me anything!","Software developers get offers from companies like Google and Facebook, then we work together to negotiate the best compensation package possible. I als...",11,3,2047,,1220080725178888193
2019-05-12T18:19:16.000Z,https://twitter.com/rrhoover/status/1127639391365627904,https://pbs.twimg.com/profile_images/1289046130366406656/-s-fxoLn_400x400.jpg,rrhoover,"I wish more people worked on things they truly enjoyed. Most hate (or at best tolerate) their job.

I think about this issue often. https://twitter.com/paulg/status/1127335187485011968",,Ryan Hoover,SF ‚úàÔ∏è LA,"Founder of @ProductHunt, @WeekendFund investor. Real likes, no gimmicks. ‚úåÔ∏èüò∏",https://twitter.com/paulg/status/1127335187485011968,,,780,76,158871,1127335187485011968,1127639391365627904
2019-05-11T22:10:28.000Z,https://twitter.com/paulg/status/1127335187485011968,https://pbs.twimg.com/profile_images/1824002576/pg-railsconf_400x400.jpg,paulg,It's hard to beat someone at something if they enjoy it and you don't. This is true for good things like writing and dancing and also for bad things like meanness and office politics.,,Paul Graham,,,,,,6354,1722,1272032,,1127335187485011968
2020-01-23T07:26:13.000Z,https://twitter.com/adam3us/status/1220246340510203904,https://pbs.twimg.com/profile_images/924365347217723392/GrGID0Uy_400x400.jpg,adam3us,people often are not aware that with @blockstream green wallet you can use a hardware wallet like @Ledger and @Trezor directly on android phones and tablets with a micro-USB otg cable. multisig 2fa+hww+mobile=üîíhttps://twitter.com/adam3us/status/1220229699059814400?s=20 https://twitter.com/adam3us/status/1220246340510203904/video/1,https://pbs.twimg.com/ext_tw_video_thumb/1220246203973230595/pu/img/hnbnFbI1hm681zLA.jpg,Adam Back,Malta üá≤üáπ,"cypherpunk, cryptographer, privacy/ecash, inventor hashcash (used in Bitcoin mining) PhD Comp Sci http://adam3.us Co-Founder/CEO http://blockstream.com",https://twitter.com/adam3us/status/1220229699059814400?s=20,,,256,72,228029,1220229699059814400,1220246340510203904
2020-01-23T06:20:05.000Z,https://twitter.com/adam3us/status/1220229699059814400,https://pbs.twimg.com/profile_images/924365347217723392/GrGID0Uy_400x400.jpg,adam3us,"fun @blockstream green wallet multsig 2fa server doesn't learn liquid transaction types nor amounts, due to Confidential Transactions. via the magic of ZKPs it co-signs &amp; helps 2fa secure without visibity. blinding keys are known to sender &amp; recipient only http://blockstream.com/green/",,Adam Back,Malta üá≤üáπ,"cypherpunk, cryptographer, privacy/ecash, inventor hashcash (used in Bitcoin mining) PhD Comp Sci http://adam3.us Co-Founder/CEO http://blockstream.com",http://blockstream.com/green/,,,275,56,228029,,1220229699059814400
2019-12-31T14:52:25.000Z,https://twitter.com/JamesClear/status/1212023711978659844,https://pbs.twimg.com/profile_images/958932211973152769/FUpkmn4u_400x400.jpg,JamesClear,"New goals don't deliver new results. New lifestyles do.

And a lifestyle is a process, not an outcome. 

For this reason, all of your energy should go into building better habits, not chasing better results.",,James Clear,,Author of the #1 NYT bestseller Atomic Habits (http://atomichabits.com). I write about building good habits. Over 1 million people read my 3-2-1 newsletter (see link),,,,8718,2945,410669,,1212023711978659844
2020-01-21T05:54:22.000Z,https://twitter.com/SwiftOnSecurity/status/1219498452587089921,https://pbs.twimg.com/profile_images/1337666327625015296/YQkdjc9n_400x400.jpg,SwiftOnSecurity,Still one of my favorite sub-heads. https://twitter.com/SwiftOnSecurity/status/1219498452587089921/photo/1,https://pbs.twimg.com/media/EOyHYLLX4AAkO34.jpg,SwiftOnSecurity,"Cyber, USA","Systems security, author http://DecentSecurity.com, http://GotPhish.com, SciFi @ http://UniversalShards.com, sysadmin, & SecEng. Microsoft MVP, Client Security 2021. they/them/tay",,,,7148,1090,320408,,1219498452587089921
2019-12-30T10:03:44.000Z,https://twitter.com/rtayar/status/1211588671394238464,https://pbs.twimg.com/profile_images/611188973323419649/0aSK3D7E_400x400.png,rtayar,"En @SomosFlat101 buscamos analistas digitales. Tenemos muchos retos en 2020 y buscamos personas curiosas, que le pongan cari√±o a su trabajo y que quieran aprender todos los d√≠as con un equipo top, ¬øte interesa? &gt; https://www.flat101.es/empleo/analista-digital/ #empleo #analytics #trabajo üëá",,Ricardo Tayar,"Zaragoza, Madrid, Barcelona","CEO & Co-founder en http://www.flat101.es. Trabajando para mejorar negocios digitales: conversi√≥n y an√°lisis digital, ecommerce, SEO, UX. Rock, comics y vino",https://www.flat101.es/empleo/analista-digital/,Oferta empleo Analista Digital en Flat 101 - Zaragoza / Madrid / Barcelona,"Ap√∫ntate a nuestra oferta de empleo para trabajar como analista digital en nuestra oficina de Madrid, Barcelona o Zaragoza.",27,46,18597,,1211588671394238464
2020-01-23T20:03:36.000Z,https://twitter.com/GregorySchier/status/1220436942090833928,https://pbs.twimg.com/profile_images/1290780083981103108/5acKh4E3_400x400.jpg,GregorySchier,"More companies need to actively support employee side projects and businesses üöÄ

Put it in the employee agreement and mention it in job posts, interviews, and onboarding. Then, celebrate those who leave to grow something üéâ

Shout-out to @getdyspatch who implemented this ‚ù§Ô∏è https://twitter.com/joelgascoigne/status/1220429746787573766",,Greg Schier ‚õÖÔ∏èüë®üèº‚Äçüíªüå≤,Canada,"I'm an indie dev and design enthusiast:
üò¥ Bootstrapped @GetInsomnia (acquired 2019)
üìö Helping readers @ReadRally 
üë®üèº‚Äçüè´ Teaching @CodeSaladDev
üíå DMs open",https://twitter.com/joelgascoigne/status/1220429746787573766,,,30,7,2878,1220429746787573766,1220436942090833928
2020-01-23T19:35:00.000Z,https://twitter.com/joelgascoigne/status/1220429746787573766,https://pbs.twimg.com/profile_images/1212260099604897792/OU6OulZj_400x400.jpg,joelgascoigne,"At Buffer, we allow, even encourage, side projects / businesses. It's been beautiful to observe the positive impact of this non-zero-sum mentality.

Great example is @tiggreen (has side project making $1k/mo!). Interesting thoughts from him on the subject: https://tik.dev/dilemma",,Joel Gascoigne,"Boulder, CO","Co-founder & CEO, @Buffer. Finding my own path in business and life. Love to ski, surf, mountain bike. #BlackLivesMatter",https://tik.dev/dilemma,,,400,39,74099,,1220429746787573766
2020-01-22T10:44:48.000Z,https://twitter.com/marckohlbrugge/status/1219933929135722497,https://pbs.twimg.com/profile_images/1266846692848144385/uSDSRIi3_400x400.jpg,marckohlbrugge,"‚ö°Ô∏è Successful makers ship early and often.

ü§î But how? I think it comes down to confidence.

Confidence to not break your codebase. Confidence to get informed when it does happen. And confidence to then fix it.

Some ideas to increase your shipping confidence:",,Marc,"Eindhoven, Nederland","ship together on http://wip.co
hire talent on http://startup.jobs 
discover startups on http://betalist.com 
waste money on http://highscore.money 
read posts on http://marc.io",,,,148,28,28108,,1219933929135722497
2020-01-23T08:19:13.000Z,https://twitter.com/victorianoi/status/1220259677151383552,https://pbs.twimg.com/profile_images/1284026081973018624/ru_7coNK_400x400.jpg,victorianoi,@xoelipedes Check this out from @sawyerh ;) love reading all his highlights in Kindle https://medium.com/@sawyerh/how-i-export-process-and-resurface-my-kindle-highlights-addc9de9af1a,,Victoriano Izquierdo,"Madrid & Granada, Spain","Co-founder @graphext 
Data Science + Product + Business 
My newsletter @complex_facts 
üíå http://www.complexfacts.com
üì∑ http://victoriano.me
üì∑ http://instagram.com/victoriano",https://medium.com/@sawyerh/how-i-export-process-and-resurface-my-kindle-highlights-addc9de9af1a,"How I export, analyze, and resurface my Kindle highlights How I export, analyze, and resurface my Kindle highlights | by Sawyer Hollenshead | Medium","Using a serverless approach, natural language processing, and SMS My workflow for exporting my reading highlights, and how I publish those highlights to my personal website.",6,0,21586,,1220259677151383552
2020-01-24T08:32:14.000Z,https://twitter.com/Pantomima_Full/status/1220625343767248896,https://pbs.twimg.com/profile_images/874386950085595136/XKqzj-od_400x400.jpg,Pantomima_Full,"LOS J√ìVENES LE VEN EN BLANCO Y NEGRO. 
Agradecimientos: #GhettoShopMadrid https://twitter.com/Pantomima_Full/status/1220625343767248896/video/1",https://pbs.twimg.com/ext_tw_video_thumb/1220625254177017857/pu/img/8-ltxWLtnMU8pvCN.jpg,Pantomima Full,"Madrid, Espa√±a",Hemos perdido la contrase√±a de @PantomimaFull. No conseguimos recuperarla.,,,,18740,5557,265457,,1220625343767248896
2019-12-30T14:24:50.000Z,https://twitter.com/changelog/status/1211654381009063938,https://pbs.twimg.com/profile_images/1199065640331595776/BNCgPsAw_400x400.jpg,changelog,"Q: How do engineers use their holiday downtime?
A: https://twitter.com/changelog/status/1211654381009063938/video/1",https://pbs.twimg.com/ext_tw_video_thumb/1211654353758674944/pu/img/adYMWoOVwB4xlHLS.jpg,Changelog,Houston + Omaha,News & podcasts for developers (+ üî• memes),,,,2142,558,27322,,1211654381009063938
2020-01-21T09:43:47.000Z,https://twitter.com/wef/status/1219556184933437440,https://pbs.twimg.com/profile_images/565498192171507712/r2Hb2gvX_400x400.png,wef,".@GretaThunberg has just given this message to Davos.

 üìï Read more: https://wef.ch/2GaoJgx

@TIME #howtosavetheplanet #wef20 https://twitter.com/wef/status/1219556184933437440/video/1",https://pbs.twimg.com/ext_tw_video_thumb/1219555862051807232/pu/img/HnNutYhoMW2cDSEN.jpg,World Economic Forum,"Geneva, Switzerland",The international organization for public private cooperation. #wef21,https://wef.ch/2GaoJgx,This is what Greta Thunberg said at Davos 2020 | World Economic Forum This is what Greta Thunberg just told Davos,Greta Thunberg says the science shows us we have eight years to avoid climate catastrophe. Greta Thunberg says no one is listening to the numbers so she will keep repeating them.,12028,4419,3947233,,1219556184933437440
2020-01-21T17:31:16.000Z,https://twitter.com/sn00b/status/1219673832287543305,https://pbs.twimg.com/profile_images/1137432273932967937/6qM07i28_400x400.jpg,sn00b,"We, @CARTO, have just released CARTOframes 1.0, our own library for Spatial Data Science. üöÄüó∫üìäüìà

https://carto.com/blog/spatial-analysis-cartoframes-release-announcement/",,Jes√∫s Botella,"Madrid, Espa√±a","üíªüë®‚Äçüîß at @Sketch ¬∑
I used to build apps for Android & iOS a long time ago, after that I did maps and hardly ever Twitch.",https://carto.com/blog/spatial-analysis-cartoframes-release-announcement/,Speed up your spatial analysis with CARTOframes 1.0 | CARTO Blog Speed up your spatial analysis with CARTOframes 1.0,CARTOframes is the go-to tool for powering analysis with spatial insights and efficiently working with spatial data and spatial models,33,14,643,,1219673832287543305
2019-12-31T16:40:28.000Z,https://twitter.com/dhh/status/1212050901696954370,https://pbs.twimg.com/profile_images/975876868455809024/eK7mDppU_400x400.jpg,dhh,"Whenever I confuse myself into thinking that advocates of 80-hour work weeks are as extreme as it gets, I think of when Marissa Mayer advocated 130-hour weeks, and declared that startups that don't work weekends are bound to fail üò¢ https://www.bloomberg.com/features/2016-marissa-mayer-interview-issue/ https://twitter.com/dhh/status/1212050901696954370/photo/1",https://pbs.twimg.com/media/ENIR3qCWsAIBvfq.png,DHH,,"Creator of Ruby on Rails, Founder & CTO at Basecamp & HEY, NYT best-selling author, and Le Mans 24h class-winning racing driver. No DMs, email: david@hey.com.",https://www.bloomberg.com/features/2016-marissa-mayer-interview-issue/,Bloomberg - Are you a robot?,,586,71,437556,,1212050901696954370
2020-01-23T08:47:46.000Z,https://twitter.com/elena_lape/status/1220266862170320896,https://pbs.twimg.com/profile_images/1329422661253001219/agJOSQsU_400x400.jpg,elena_lape,"Waking up early in the morning is so much easier if you have a fun thing planned early in the morning, like watching an episode of a series you love.",,Elena Lape,"London, UK",Nomadic techie in a burning love affair with London.,,,,1,0,863,,1220266862170320896
2019-12-31T16:01:36.000Z,https://twitter.com/m1guelpf/status/1212041122484236289,https://pbs.twimg.com/profile_images/1272338014941954051/-5YrJUHt_400x400.jpg,m1guelpf,"‚úâÔ∏è @ConvertKit announced a free plan today. Want to try it out &amp; get an extra 100 subscribers for free?

üì© DM me your email address and I'll send you an invite https://twitter.com/nathanbarry/status/1212020218878291968",,Miguel Piedrafita üöÄ,"Oviedo, Spain","18-year-old indie maker & @laravelphp artist. Building http://sitesauce.app, http://auralite.io & more. vibing @genzmafia. he/him",https://twitter.com/nathanbarry/status/1212020218878291968,,,3,0,6653,1212020218878291968,1212041122484236289
2019-12-31T14:38:33.000Z,https://twitter.com/nathanbarry/status/1212020218878291968,https://pbs.twimg.com/profile_images/1033354885230522368/HYns_IBX_400x400.jpg,nathanbarry,"I saved my biggest announcement of the year for the last day!

ConvertKit just launched a free plan. 100% free. Build unlimited landing pages. Invite your friends to unlock more subscribers.

You can read all about it here:

https://nathanbarry.com/convertkit-free/",,Nathan Barry,"Boise, Idaho","Founder & CEO at @ConvertKit. Hobbies: writing books, woodworking, playing soccer, traveling, and designing software.",https://nathanbarry.com/convertkit-free/,,,461,67,32621,,1212020218878291968
2020-01-21T21:08:02.000Z,https://twitter.com/revelstokemtn/status/1219728381983543296,https://pbs.twimg.com/profile_images/1322980812480917504/iwgwDgWJ_400x400.jpg,revelstokemtn,"We're not biggest or the flashiest - but if you're like us, you'd rather be shredding powder lines than standing IN line. ü§ô Check out @outsidemagazine's list of small ski towns with big potential. 

https://bit.ly/36bEBdf",,Revelstoke Mountain Resort,"Revelstoke, BC, Canada","Legendary powder. Big mountain terrain. Small town vibes. RMR is Canada's newest ski resort, offering the most vertical in North America at 5,620 feet.",https://bit.ly/36bEBdf,sms Twitter Icon Instagram Icon Pinterest Icon North America's Next Great Ski Towns | Outside Online These Are the Next Great Ski Towns Outside email Facebook Icon,"As locals get priced out of Aspen, Stowe, and Whistler, here are the places ski bums are heading to next As locals get priced out of ski towns like Aspen, Stowe, and Whistler, we went searching for the next great resort spots.",37,1,18016,,1219728381983543296
2020-01-24T13:42:30.000Z,https://twitter.com/ASpittel/status/1220703423173185537,https://pbs.twimg.com/profile_images/1309874183296430081/dqeg6yyH_400x400.jpg,ASpittel,"Hi, hello.

I am recruiting for a senior C++ position. You must also know Rust, Kubernetes, JavaScript, PHP, and Brainfuck.

We will give you $1 and 0 days off.

But we have a ping pong table and beer.

Plz work 4 us after 18 rounds of whiteboarding.

Ur impressive.",,Ali Spittel üêû,"Chicago, IL",Senior Developer Advocate @awsamplify // co-host @ladybugpodcast // blogger @welearncode // Python + JavaScript engineer && teacher // tweets my own,,,,5350,789,91145,,1220703423173185537
2020-01-22T15:00:54.000Z,https://twitter.com/bentossell/status/1219998378085486593,https://pbs.twimg.com/profile_images/747474443644080128/uJ4UYake_400x400.jpg,bentossell,"The first @Makerpad Challenge is out!

Theme: Automations (@parabolahq, @zapier, @retoolapp, @integromat etc)

Prizes:
ü•á: $500 + Free membership + Makerpad swag
ü•à: Free membership + Makerpad swag
ü•â: Makerpad swag

Jan 22 to Jan 31

Community voting.

https://forum.makerpad.co/t/automation-challenge-the-brief/187",,Ben Tossell,"London, England",no-code education | Founder http://makerpad.co | Investor in no-code/low-code tools http://makerpad.fund,https://forum.makerpad.co/t/automation-challenge-the-brief/187,404 Not found 404 Not found | Makerpad,,93,12,31767,,1219998378085486593
2020-01-22T19:19:42.000Z,https://twitter.com/chadloder/status/1220063505941811201,https://pbs.twimg.com/profile_images/1334926008944713728/RMA8dlrc_400x400.jpg,chadloder,"interviewer: Why did you leave your last job?

you: Why did your last engineer leave?",,Chad Loder,"Los Angeles, CA","Founder, inventor, author, thorn-in-the-side of the surveillance state. Anti-fascist, anti-racist in progress. ‚ñå#BlackLivesMatter",,,,5583,993,81561,,1220063505941811201
2019-12-30T18:05:03.000Z,https://twitter.com/Entrepreneur/status/1211709801497071618,https://pbs.twimg.com/profile_images/474753665970868224/GcoCzmcI_400x400.jpeg,Entrepreneur,Why Science Says 6 Hours of Sleep Isn't Enough for Entrepreneurs | by @jboitnott http://entm.ag/jl91,,Entrepreneur,"Irvine, CA","Inspiring, informing and celebrating entrepreneurs.",http://entm.ag/jl91,Why Science Says 6 Hours of Sleep Isn't Enough for Entrepreneurs,Studies show that sleeping may be more important to achieving success than anyone realized.,94,51,3536125,,1211709801497071618
2020-01-22T19:32:36.000Z,https://twitter.com/lexilewtan/status/1220066754463858688,https://pbs.twimg.com/profile_images/532976987816476672/QnM3YiG3_400x400.png,lexilewtan,Are there any active investors who specifically invest in bootrapped companies?,,Lexi Lewtan,San Francisco,Founder of Centered: MasterClass for your mental health. Prev @angellist. Email me: lexilewtan@gmail.com,,,,145,9,4674,,1220066754463858688
2019-12-03T21:19:30.000Z,https://twitter.com/BrianNorgard/status/1201974262661206016,https://pbs.twimg.com/profile_images/3610854526/1fae6073057ae5725bebbc0815c0123d_400x400.jpeg,BrianNorgard,You first 10 years of work are a journey to find the the people you want to work with for the next 50.,,Norgard,,"Entrepreneur & investor. Ex-CPO, Tinder. Architect of the top grossing app. Investor @SpaceX @Lyft @AngelList @NotionHQ @Airtable @DiDiGlobal & many more...",,,,1874,323,69694,,1201974262661206016
2020-01-21T20:44:10.000Z,https://twitter.com/zedjayhill/status/1219722377996591105,https://pbs.twimg.com/profile_images/2544334169/4vuwymo8panelodalhvx_400x400.jpeg,zedjayhill,"If you're a developer with systems skills that thrives on building APIs and working with data and are looking for a new gig, let me know. We're hiring @anchore in a bunch of roles from product dev, integrations, to UI and design as well as devops/release. Remote work is a-ok!",,Zach Hill,"Goleta, CA","Husband, Father, perpetual learner, and some other stuff that's less important. Current work: Chief Architect and Director of Eng. 
@anchore. Tweets are my own.",,,,2,1,220,,1219722377996591105
2019-12-31T23:09:37.000Z,https://twitter.com/mhdempsey/status/1212148835528691717,https://pbs.twimg.com/profile_images/1248374454436032520/8VSGS2ta_400x400.jpg,mhdempsey,I feel like a lot of engineers feel this way about scaling startups. And probably are correct like 50% of the time. https://twitter.com/BrentBeshore/status/1212148062711205889,,Michael Dempsey,Los Angeles + New York City,"Dreaming about the future, romanticizing the past | GP @compoundvc investing in former science projects/deep tech with a thesis-driven approach at seed & growth",https://twitter.com/BrentBeshore/status/1212148062711205889,,,30,2,11608,1212148062711205889,1212148835528691717
2019-12-31T23:06:33.000Z,https://twitter.com/BrentBeshore/status/1212148062711205889,https://pbs.twimg.com/profile_images/1140592638413795328/AQQs0JWa_400x400.png,BrentBeshore,"@APompliano ""The billion dollar SaaS company I joined is a ticking time bomb of technical debt. We can barely ship anything. The CTO sugarcoats the situation to the CEO, clients and investors. If only someone thought to ask the engineers...""",,Brent Beshore,Flyover Country,"Christian // @PermanentEquity // @CapitalCamp // Author of ""The Messy Marketplace""",,,,68,4,76433,,1212148062711205889
2020-01-23T19:35:00.000Z,https://twitter.com/joelgascoigne/status/1220429746787573766,https://pbs.twimg.com/profile_images/1212260099604897792/OU6OulZj_400x400.jpg,joelgascoigne,"At Buffer, we allow, even encourage, side projects / businesses. It's been beautiful to observe the positive impact of this non-zero-sum mentality.

Great example is @tiggreen (has side project making $1k/mo!). Interesting thoughts from him on the subject: https://tik.dev/dilemma",,Joel Gascoigne,"Boulder, CO","Co-founder & CEO, @Buffer. Finding my own path in business and life. Love to ski, surf, mountain bike. #BlackLivesMatter",https://tik.dev/dilemma,Working for someone vs. doing your own thing | Ruminations on building software Working for someone vs. doing your own thing,I‚Äôve wanted to write about this subject for quite some time and only today decided to finally sit down with no distractions. I put my phone‚Ä¶,400,39,74099,,1220429746787573766
2019-11-26T15:14:12.000Z,https://twitter.com/joantubau/status/1199345616792383498,https://pbs.twimg.com/profile_images/1256883468853817344/coWQ8d_K_400x400.jpg,joantubau,"@Freakonomics 4 libros de econom√≠a para adolescentes:

1. El economista camuflado https://www.amazon.es/El-economista-camuflado-Divulgaci%C3%B3n-Actualidad/dp/8484605361

2. La l√≥gica oculta de la vida https://www.amazon.es/l%C3%B3gica-oculta-vida-Divulgaci%C3%B3n-Actualidad/dp/8484607399

3. Freakonomics https://www.amazon.es/Freakonomics-BOLSILLO-Steven-D-Levitt/dp/8496581810/ref=pd_sim_14_1/259-2950923-4219411?_encoding=UTF8&pd_rd_i=8496581810&pd_rd_r=5d16ea32-f4db-4bdd-8227-d3512334c392&pd_rd_w=Ni1aF&pd_rd_wg=lmIds&pf_rd_p=6337f499-a6c2-4ef6-8539-cbf295487a0e&pf_rd_r=B4AMACYNK7WTQSFBM27N&psc=1&refRID=B4AMACYNK7WTQSFBM27N

y 4. Superfreakonomics https://www.amazon.es/Superfreakonomics-Enfriamiento-prostitutas-patri%C3%B3ticas-terroristas/dp/8499088139/ref=pd_sbs_14_2/259-2950923-4219411?_encoding=UTF8&pd_rd_i=8499088139&pd_rd_r=09b33594-1c67-4885-84e7-b24fa4d19d9a&pd_rd_w=zuC8I&pd_rd_wg=jcPJv&pf_rd_p=71620895-af79-4429-92c2-a38434153b95&pf_rd_r=H7PYRZXHG16Z2BZC0391&psc=1&refRID=H7PYRZXHG16Z2BZC0391",,joan tubau,,Econom√≠a en la UPF. Carreras en @joincardinal_. Guts & Glory,https://www.amazon.es/Superfreakonomics-Enfriamiento-prostitutas-patri%C3%B3ticas-terroristas/dp/8499088139/ref=pd_sbs_14_2/259-2950923-4219411?_encoding=UTF8&pd_rd_i=8499088139&pd_rd_r=09b33594-1c67-4885-84e7-b24fa4d19d9a&pd_rd_w=zuC8I&pd_rd_wg=jcPJv&pf_rd_p=71620895-af79-4429-92c2-a38434153b95&pf_rd_r=H7PYRZXHG16Z2BZC0391&psc=1&refRID=H7PYRZXHG16Z2BZC0391,"Superfreakonomics: Enfriamiento global, prostitutas patri√≥ticas y por qu√© los terroristas suicidas deber√≠an contratar un seguro de vida Best Seller: Amazon.es: Levitt,Steven D./Dubner,Stephen J.: Libros","Superfreakonomics: Enfriamiento global, prostitutas patri√≥ticas y por qu√© los terroristas suicidas deber√≠an contratar un seguro de vida Best Seller: Amazon.es: Levitt,Steven D./Dubner,Stephen J.: Libros",47,11,17746,,1199345616792383498
2020-01-22T20:58:16.000Z,https://twitter.com/_DanteGalindo/status/1220088313236938753,https://pbs.twimg.com/profile_images/1340698557536460807/_NVtncmH_400x400.jpg,_DanteGalindo,I wish people would stop thinking that their life is over at 30. If you are not six feet under the ground then you still have a fighting chance at accomplishing your goals! So stop bitching and start grinding! #ToughLove üíúüíØ,,üíú Dante Elegante üíú,"Ju√°rez, Nuevo Le√≥n","Twerking and Coding @KuvioCreative. #Witch, #Knitter, #Crocheter, #Seamstress, Creator of #TheCraftyCoder, and creator of #ClothesForMeByMe (06/02/2020) üíúüíØ",,,,63,10,1770,,1220088313236938753
2019-12-30T21:12:17.000Z,https://twitter.com/Aquel_Coche/status/1211756918118764545,https://pbs.twimg.com/profile_images/1320818410041888774/D9hZtf-9_400x400.jpg,Aquel_Coche,https://twitter.com/Aquel_Coche/status/1211756918118764545/photo/1,https://pbs.twimg.com/media/ENEGee_WsAAwEwp.jpg,Aquel Coche,On the road.,"¬°R√°pido, siga a aquel coche!                    
IG: http://instagram.com/aquelcoche",,,,17040,7084,63246,,1211756918118764545
2020-01-21T20:32:02.000Z,https://twitter.com/awilkinson/status/1219719322399981568,https://pbs.twimg.com/profile_images/1311779549693317121/0GpBW9T-_400x400.jpg,awilkinson,"A friend said something crazy to me the other day:

""You have 18 summers to enjoy with your kids. That's it.""

By the time your kids turn 18, you have spent 70%+ of the total time you will spend with them. After that, it's a wild card (they are busy, you are old).",,Andrew Wilkinson,"Victoria, Canada","Co-founder of Tiny w/ @_Sparling_. We own @Dribbble, @MetaLab, and 30+ companies. Buying, starting, and investing in wonderful internet businesses since 2007.",,,,9512,2045,107641,,1219719322399981568
2020-01-21T23:24:32.000Z,https://twitter.com/markallanbovair/status/1219762732196597760,https://pbs.twimg.com/profile_images/1330559839613939714/PT-ngsmG_400x400.jpg,markallanbovair,The 9 to 5 grind wouldn‚Äôt be so bad if it was actually 9am to 5pm. Most places it‚Äôs 8 to 5 since lunch doesn‚Äôt count anymore. Throw in a 20 min commute on each end and it‚Äôs basically 7:30 to 5:30. Huge difference in free time available.,,Mark Allan Bovair,"Michigan, USA","Father of 3 Awoken by Divorce. Founder, Frugability Finance. 40yo Late Starter. Hard truths delivered softly. Follow along!",,,,750,99,34752,,1219762732196597760
2020-01-23T18:50:59.000Z,https://twitter.com/jmj/status/1220418669618049024,https://pbs.twimg.com/profile_images/1321489785500749824/J-ac73Ff_400x400.jpg,jmj,"How to ‚Äúflex‚Äù when you‚Äôre a distributed employee:

1. Buy a fancy microphone for Zoom calls - you‚Äôll sound like an talk show host.

2. Add unique background behind video calls - standard wallpaper is so 2010‚Äôs. 

3. Lighting is everything - pick good light to look like a TV star.",,Jeff Morris Jr.,California,"Investor & Founder @ChapterOne | Before VP Product, Revenue @Tinder",,,,1857,136,75949,,1220418669618049024
2020-01-23T17:30:40.000Z,https://twitter.com/JeffDean/status/1220398456096710656,https://pbs.twimg.com/profile_images/935325968280907776/AcBo6zJc_400x400.jpg,JeffDean,"Google Dataset Search is now officially out of beta.

""Dataset Search has indexed almost 25 million of these datasets, giving you a single place to search for datasets &amp; find links to where the data is.""

Nice work, Natasha Noy and everyone else involved!

https://blog.google/products/search/discovering-millions-datasets-web/",,Jeff Dean (@üè°),,"Senior Fellow & SVP, Google AI (Research and Health).  Co-designer/implementor of software systems like @TensorFlow, MapReduce, Bigtable, Spanner, ..",https://blog.google/products/search/discovering-millions-datasets-web/,Discovering millions of datasets on the web,"Dataset Search launches publicly with an index of 25 million datasets, helping scientists, journalists, students, data geeks to find data.",7566,2853,183596,,1220398456096710656
2020-01-21T14:18:26.000Z,https://twitter.com/david_perell/status/1219625302894227459,https://pbs.twimg.com/profile_images/1341406620107091968/Cxxf4Uf5_400x400.jpg,david_perell,"2010: Meet somebody in real life. Then become friends on the Internet.

2020: Meet somebody on the Internet. Then become friends in real life.",,David Perell,"Austin, Texas","""The Writing Guy"" | I tweet about business, learning and writing | My Podcast: http://Perell.com/podcast | My writing school: http://writeofpassage.school",,,,510,87,149686,,1219625302894227459
2020-01-22T22:21:45.000Z,https://twitter.com/waitbutwhy/status/1220109322878775296,https://pbs.twimg.com/profile_images/378800000096549990/2b5b8a614e16b1527ebb75e1a7266d85_400x400.jpeg,waitbutwhy,"My wife just now: ‚ÄúI don‚Äôt really get Twitter because it‚Äôs all kind of like, who asked you to speak?‚Äù",,Tim Urban,,"Writer, infant",,,,1168,139,297129,,1220109322878775296
2019-12-31T09:08:52.000Z,https://twitter.com/contextosin/status/1211937253276168193,https://pbs.twimg.com/profile_images/1083757902308012034/n1BBzaw9_400x400.jpg,contextosin,"Cuando te jubiles y recuperes esa bola, se pondr√° sobre el helado. Peeero al estar jubilado cobrar√°s menos (tu helado ser√° m√°s peque√±o), y la bola estar√° en un lugar m√°s bajo y pagar√° menos IRPF.

Y esto, evidentemente, beneficia a las personas con sueldos m√°s altos. https://twitter.com/contextosin/status/1211937253276168193/photo/1",https://pbs.twimg.com/media/ENGqf_gXYAA3isF.jpg,Contexto Sintexto,All√≠,Hoy es siempre todav√≠a. Todo se acaba. Contradicciones.,,,,298,70,893,,1211937253276168193
2019-10-07T22:26:53.000Z,https://twitter.com/jasonfried/status/1181335113747095552,https://pbs.twimg.com/profile_images/3413742921/0e9ef95e76c4a965b9b177fa2267d6c1_400x400.png,jasonfried,"Q: Why is it so hard to convince people of something that is good for them? #askJF
- @anujasaw

A: https://twitter.com/jasonfried/status/1181335113747095552/video/1",https://pbs.twimg.com/amplify_video_thumb/1181335015738806273/img/jIMn_xNsRp3PqSu3.jpg,Jason Fried,"Chicago, IL","Founder & CEO at Basecamp. Non-serial entrepreneur. Co-author of Getting Real, REWORK, Remote, and ‚ÄúIt Doesn‚Äôt Have to Be Crazy at Work‚Äù.",,,,72,6,283852,,1181335113747095552
2019-12-31T15:38:13.000Z,https://twitter.com/BrentBeshore/status/1212035234931314694,https://pbs.twimg.com/profile_images/1140592638413795328/AQQs0JWa_400x400.png,BrentBeshore,"Going to run an experiment...What's the top thing you learned this year that you can't share publicly? 

DM me and I'll anonymously post the best.",,Brent Beshore,Flyover Country,"Christian // @PermanentEquity // @CapitalCamp // Author of ""The Messy Marketplace""",,,,1105,241,76433,,1212035234931314694
2020-01-01T09:05:53.000Z,https://twitter.com/shl/status/1212298889136492544,https://pbs.twimg.com/profile_images/1226328347732410369/VEYq-mWE_400x400.jpg,shl,Squeezed one more thing into the decade... got married! https://twitter.com/shl/status/1212298889136492544/photo/1,https://pbs.twimg.com/media/ENLzZZVVUAAcjgr.jpg,Sahil,Silicon Valley,"Founder @gumroad, funder http://shl.vc",,,,2363,27,157578,,1212298889136492544
2019-12-25T16:56:53.000Z,https://twitter.com/alinelernerLLC/status/1209880704315580416,https://pbs.twimg.com/profile_images/1285714852674072576/nuBplxfM_400x400.jpg,alinelernerLLC,"This post is heartbreaking to read, but gosh, the parallels to why so many tech recruiting marketplaces hit a wall. Thread follows...

http://bratheory.com/hiatus/",,Aline Lerner,San Francisco,"Quantitative cynic. Erstwhile MIT lecturer. Founder of @interviewingio. Engineers go here, it's good: http://interviewing.io/signup

‚ïØ¬∞‚ñ°¬∞Ôºâ‚ïØÔ∏µ buƒ±…πƒ±…•",http://bratheory.com/hiatus/,Why I'm putting Bra Theory on an indefinite hiatus - Bra Theory,"Why I‚Äôm putting Bra Theory on an indefinite hiatus In December 2019, I announced that Bra Theory will be halting product development, indefinitely. Many challenges in the bra world remain...",14,1,4557,,1209880704315580416
2020-01-21T07:08:33.000Z,https://twitter.com/eitherzen/status/1219517117583642624,https://pbs.twimg.com/profile_images/1197435688670482432/J0Rvc6yO_400x400.jpg,eitherzen,"My takeaway was if you don‚Äôt do the hard work to figure out what you want to do with your life, the world would provide a ready made (and potentially meaningless) answer for you.",,Matthew McGarvey,,I help people and organizations solve big problems and change the world.,,,,6,1,465,,1219517117583642624
2020-01-22T10:14:56.000Z,https://twitter.com/Aleexxx_77/status/1219926411861024773,https://pbs.twimg.com/profile_images/1225101569563201537/3IcRF_Pw_400x400.jpg,Aleexxx_77,@realmadrid En avi√≥n a Salamanca https://twitter.com/Aleexxx_77/status/1219926411861024773/photo/1,https://pbs.twimg.com/tweet_video_thumb/EO4MmbvW4AAG2w9.jpg,Alexx,Segovia,Licencia UEFA B. Gestiono: @RealMadrid_GO @Liverpool_GO,,,,762,59,404,,1219926411861024773
2019-12-31T12:57:26.000Z,https://twitter.com/marckohlbrugge/status/1211994774221099013,https://pbs.twimg.com/profile_images/1266846692848144385/uSDSRIi3_400x400.jpg,marckohlbrugge,"üéáHappy New Year!

Check out your Twitter Year in Review:

https://twitter.com/search?q=min_retweets%3A25%20since%3A2019-01-01%20from%3Amarckohlbrugge&src=typed_query

üëâ Change username to yours
üëâ Change min_retweet count to something sane",,Marc,"Eindhoven, Nederland","ship together on http://wip.co
hire talent on http://startup.jobs 
discover startups on http://betalist.com 
waste money on http://highscore.money 
read posts on http://marc.io",https://twitter.com/search?q=min_retweets%3A25%20since%3A2019-01-01%20from%3Amarckohlbrugge&src=typed_query,,,8,0,28108,,1211994774221099013
2020-01-21T19:49:51.000Z,https://twitter.com/tortondo/status/1219708708554530818,https://pbs.twimg.com/profile_images/772529992290988032/iniO89WU_400x400.jpg,tortondo,"Pedir comida a domicilio durante un temporal. 
El hombre es un Glovo para el hombre. https://twitter.com/tortondo/status/1219708708554530818/photo/1",https://pbs.twimg.com/media/EO1GmitWoAAugCb.jpg,Javier Dur√°n,,Escribo cosas; a veces uso punto y coma.,,,,5805,2474,31190,,1219708708554530818
2019-12-30T14:33:17.000Z,https://twitter.com/arduino/status/1211656509324759040,https://pbs.twimg.com/profile_images/928655749605199872/ygogGX2j_400x400.jpg,arduino,"Favorite Arduino of the decade? 

Go! üëá https://twitter.com/arduino/status/1211656509324759040/photo/1",https://pbs.twimg.com/media/ENCrK0CWoAAltWf.jpg,Arduino,,"Arduino is an open-source hardware, software, and content platform with a worldwide community of over 30 million active users.",,,,665,112,329397,,1211656509324759040
2020-01-23T20:00:00.000Z,https://twitter.com/WholesomeMeme/status/1220436036498661377,https://pbs.twimg.com/profile_images/1058023319427964930/XrKTTzn5_400x400.jpg,WholesomeMeme,https://twitter.com/WholesomeMeme/status/1220436036498661377/photo/1,https://pbs.twimg.com/media/EOwBMukWkAUCh4N.jpg,WholesomeMemes,Rejevreykjavik,"#WholesomeMeme. Memes, comics and wholesome stuff we like. Make friends on our Discord! https://discord.gg/qR4kJGz",,,,10233,3258,1205082,,1220436036498661377
2019-12-31T21:46:32.000Z,https://twitter.com/BrentBeshore/status/1212127927527018496,https://pbs.twimg.com/profile_images/1140592638413795328/AQQs0JWa_400x400.png,BrentBeshore,"@APompliano ""If your kids need your money after their 20's you didn't do your job and handing out money won't make up for it.""",,Brent Beshore,Flyover Country,"Christian // @PermanentEquity // @CapitalCamp // Author of ""The Messy Marketplace""",,,,70,10,76433,,1212127927527018496
2019-12-31T01:51:52.000Z,https://twitter.com/ruchowdh/status/1211827279183175680,https://pbs.twimg.com/profile_images/1293719046190272514/7jdYUQmy_400x400.jpg,ruchowdh,Narrator: AI can do no such thing. https://twitter.com/newscientist/status/1180916793126326273,,Rumman Chowdhury,"San Francisco, CA","data scientist & social scientist - RSA Fellow - BBC 100 women - MIT, Columbia, UCSD - üòÖ my tweets inspire New Yorker articles",https://twitter.com/newscientist/status/1180916793126326273,,,3926,605,21247,1180916793126326273,1211827279183175680
2019-10-06T18:44:38.000Z,https://twitter.com/newscientist/status/1180916793126326273,https://pbs.twimg.com/profile_images/960860144329469953/Tc-GOIGJ_400x400.jpg,newscientist,Predicting the future is now possible with powerful new AI simulations that can model every conceivable social interaction https://newscienti.st/34ZkBeu https://twitter.com/newscientist/status/1180916793126326273/photo/1,https://pbs.twimg.com/media/EGN1kHqWsAA3sAs.jpg,New Scientist,Worldwide,The best place to find out what‚Äôs new in science ‚Äì and why it matters. Tweets by @samwong1. Subscribe here: https://bit.ly/35DIyui,https://newscienti.st/34ZkBeu,,,376,114,3842569,,1180916793126326273
2020-01-22T22:31:48.000Z,https://twitter.com/shl/status/1220111852312518656,https://pbs.twimg.com/profile_images/1226328347732410369/VEYq-mWE_400x400.jpg,shl,"Trying to find more companies like Basecamp, Crash Course, Wildbit, Mailchimp, Buffer, Wistia, and Panic.

What are your favorite bootstrapped, customer-focused, right-sized businesses that solve real problems for paying customers?",,Sahil,Silicon Valley,"Founder @gumroad, funder http://shl.vc",,,,2400,252,157578,,1220111852312518656
2020-01-21T20:00:40.000Z,https://twitter.com/NavalBot/status/1219711430380920832,https://pbs.twimg.com/profile_images/1017685971041742849/SaIfF0rY_400x400.jpg,NavalBot,"""The fundamental delusion - there is something out there that will make me happy and fulfilled forever."" - @naval",,Naval Ravikant Bot,,Bot that scrapes the best of @naval's tweet library and reposts them. // Creator: @george__mack,,,,1385,270,79054,,1219711430380920832
2019-11-25T18:07:34.000Z,https://twitter.com/joantubau/status/1199026857049513984,https://pbs.twimg.com/profile_images/1256883468853817344/coWQ8d_K_400x400.jpg,joantubau,Por qu√© una prostituta gana m√°s que un arquitecto. Fragmento del libro de @Freakonomics. Es por contenido como este que me gusta tanto la econom√≠a https://twitter.com/joantubau/status/1199026857049513984/photo/1,https://pbs.twimg.com/media/EKPMfvwWkAIjjw0.jpg,joan tubau,,Econom√≠a en la UPF. Carreras en @joincardinal_. Guts & Glory,,,,114,27,17746,,1199026857049513984
2019-12-27T21:14:57.000Z,https://twitter.com/petecodes/status/1210670424482299904,https://pbs.twimg.com/profile_images/1326899412216524805/TLdik0TT_400x400.jpg,petecodes,The best part of house sitting is checking out other people's homes. How nice is this place?! https://www.trustedhousesitters.com/house-and-pet-sitting-assignments/new-zealand/auckland/auckland/l/444090/,,Pete from No CS Degree,"Edinburgh, Scotland","Inspiring dev stories - @nocsdegree
Jobs for devs w/o degrees - http://nocsok.com
Find coding bootcamps - http://bootcampindex.com
Personal blog - http://petecodes.io",https://www.trustedhousesitters.com/house-and-pet-sitting-assignments/new-zealand/auckland/auckland/l/444090/,Open Menu Find the Perfect Pet Sitter! Home & Pet Sitting Made Easy | TrustedHousesitters.com,"Find the perfect home & pet sitter. View references, video profiles and relevant house & pet sitting experience.",1,0,4771,,1210670424482299904
2019-12-31T13:04:15.000Z,https://twitter.com/GoodMarketingHQ/status/1211996488580190208,https://pbs.twimg.com/profile_images/1300161329702019072/h9rvyq0x_400x400.jpg,GoodMarketingHQ,How to self promote on the internet: https://twitter.com/GoodMarketingHQ/status/1211996488580190208/photo/1,https://pbs.twimg.com/media/ENHgVJAXkAAM9tj.jpg,Marketing Examples,"London, England","Short, sweet, practical marketing.

Join 47,000 getting the weekly case study üëâ http://marketingexamples.com/subscribe",,,,297,46,89095,,1211996488580190208
2019-12-30T18:29:35.000Z,https://twitter.com/contextosin/status/1211715973444784131,https://pbs.twimg.com/profile_images/1083757902308012034/n1BBzaw9_400x400.jpg,contextosin,"EL IRPF EXPLICADO CON HELADOS

Imagina que te pagaran el sueldo en helados. ¬øCu√°nto se llevar√≠a hacienda? Pues depende del n√∫mero de bolas.

La primera la deja toda para t√≠, a la segunda le da un mordisquito, a la tercera un poco m√°s, a la cuarta un mordisco m√°s grande.. https://twitter.com/contextosin/status/1211715973444784131/photo/1",https://pbs.twimg.com/media/ENDhPzfXUAArVwa.jpg,Contexto Sintexto,All√≠,Hoy es siempre todav√≠a. Todo se acaba. Contradicciones.,,,,8959,5649,893,,1211715973444784131
2020-01-01T11:01:39.000Z,https://twitter.com/Marcos_Luque_/status/1212328022382186497,https://pbs.twimg.com/profile_images/1289278695119757313/SfGoW9cD_400x400.jpg,Marcos_Luque_,"Qu√© bonito es ir a trabajar a las 10 de la ma√±ana el primer d√≠a del a√±o y ver a una pareja que acaba de nacer esta noche negociando su primer fornicio en el portal de tu casa üòç
Es una se√±al de que ser√° un a√±o con mucho amor ü§û",,Marcos Luque,"Gij√≥n, Espa√±a","En el fondo invierto en empresas.
Tengo un plan.",,,,70,2,14475,,1212328022382186497
2019-12-31T22:15:11.000Z,https://twitter.com/BrentBeshore/status/1212135134851264512,https://pbs.twimg.com/profile_images/1140592638413795328/AQQs0JWa_400x400.png,BrentBeshore,@APompliano https://twitter.com/BrentBeshore/status/1212135134851264512/photo/1,https://pbs.twimg.com/media/ENJeet0UYAA4r9D.png,Brent Beshore,Flyover Country,"Christian // @PermanentEquity // @CapitalCamp // Author of ""The Messy Marketplace""",,,,51,4,76433,,1212135134851264512
2020-01-21T01:06:32.000Z,https://twitter.com/jmj/status/1219426014478000128,https://pbs.twimg.com/profile_images/1321489785500749824/J-ac73Ff_400x400.jpg,jmj,"Something sad about entrepreneurs who lose their risk tolerance as they get older.

Like seeing a talented artist give up their dreams for a desk job. 

I‚Äôm at the age where this is happening more often in my friend group.

Same thoughts go through my head sometimes too.",,Jeff Morris Jr.,California,"Investor & Founder @ChapterOne | Before VP Product, Revenue @Tinder",,,,1115,100,75949,,1219426014478000128
2020-01-21T17:25:36.000Z,https://twitter.com/RexChapman/status/1219672406945685505,https://pbs.twimg.com/profile_images/1055264484745494530/QLX6B5o9_400x400.jpg,RexChapman,Like watching a full length movie - but in just 27-seconds... https://twitter.com/JeffElder/status/1219647494302224384/video/1,https://pbs.twimg.com/ext_tw_video_thumb/1219647349368053760/pu/img/6eARWQuz9eM-47iB.jpg,Rex Chapmanüèáüèº,Lexington/Phoenix ,I hold the microphone like a grudge,,,,122144,25934,1116983,,1219672406945685505
2020-01-21T18:59:09.000Z,https://twitter.com/dickc/status/1219695948730781696,https://pbs.twimg.com/profile_images/792220014233264128/kpunIYN5_400x400.jpg,dickc,"Is there a CEO who has done a better job taking over mega-cap company than @satyanadella?

Azure from nowhere seems to have blown past google &amp; competing with AWS. Github acquisition 2nd only to Insta for LT value?

Culture that gave us Zune transformed to culture of innovation",,dick costolo,San Francisco,,,,,3385,348,1561673,,1219695948730781696
2020-01-22T20:12:56.000Z,https://twitter.com/wintonARK/status/1220076902557405184,https://pbs.twimg.com/profile_images/862074707150946304/-lVSDk2B_400x400.jpg,wintonARK,different ways to get money from person a to person b https://twitter.com/wintonARK/status/1220076902557405184/photo/1,https://pbs.twimg.com/media/EO6VeYOW4AA0SVz.jpg,Brett Winton,"Venice, CA","Director of Research @ARKInvest. Disruptive Tech:  Autonomous, AI, Battery Tech, Blockchain, CRISPR, Fintech, 'Omics, Robots... Disclosure: http://arkinv.st/2rxmMRG",,,,45,7,56495,,1220076902557405184
2019-12-28T18:36:18.000Z,https://twitter.com/marckohlbrugge/status/1210992887443247104,https://pbs.twimg.com/profile_images/1266846692848144385/uSDSRIi3_400x400.jpg,marckohlbrugge,This is the first time I experience really bad AQI. Eyes are itchy and slight headache every now and then. Shit is real. https://twitter.com/levelsio/status/1210991360066506752,,Marc,"Eindhoven, Nederland","ship together on http://wip.co
hire talent on http://startup.jobs 
discover startups on http://betalist.com 
waste money on http://highscore.money 
read posts on http://marc.io",https://twitter.com/levelsio/status/1210991360066506752,,,4,0,28108,1210991360066506752,1210992887443247104
2019-12-28T18:30:14.000Z,https://twitter.com/levelsio/status/1210991360066506752,https://pbs.twimg.com/profile_images/1323795418686390272/vdMiSnFe_400x400.jpg,levelsio,"If you're planning on visiting üáπüá≠ Chiang Mai anywhere from now until June, change your plans. 

üë©‚Äçüåæüî•Burning season is starting early and AQI will go to 300+ AQI, straight into the top 3 most polluted cities in the world.

Come back in July/August! https://twitter.com/levelsio/status/1210931999013101568 https://twitter.com/levelsio/status/1210991360066506752/photo/1",https://pbs.twimg.com/media/EM5ONqeU4AAgafq.jpg,ÿú,,"Building in public
üåç http://nomadlist.com
üõ∞ http://remoteok.io
üßî http://hoodmaps.com
üìï http://makebook.io
üè° http://rebase.to
ü§≥ http://qrmn.co

üìº http://yt.vu/6reLWfFNer0

üßò‚Äç‚ôÄÔ∏è away from twtr to irl",https://twitter.com/levelsio/status/1210931999013101568,,,67,6,97200,,1210991360066506752
2020-01-22T12:47:01.000Z,https://twitter.com/WallStreetOasis/status/1219964687074373632,https://pbs.twimg.com/profile_images/1187081706081345536/j6DSeqwg_400x400.png,WallStreetOasis,https://twitter.com/WallStreetOasis/status/1219964687074373632/photo/1,https://pbs.twimg.com/media/EO4vaqZW4AAVRWP.jpg,Wall Street Oasis,Midtown | Mayfair,The largest and most entertaining community for careers in finance.,,,,7,1,8798,,1219964687074373632
2019-12-31T09:42:52.000Z,https://twitter.com/levelsio/status/1211945811300376576,https://pbs.twimg.com/profile_images/1323795418686390272/vdMiSnFe_400x400.jpg,levelsio,"Any alcohol is bad, even one drink per day. 

Interesting how deep this belief that one drink per day is good goes to self-justify most of society's drinking problem. https://twitter.com/JohnONolan/status/1211940764277624832",,ÿú,,"Building in public
üåç http://nomadlist.com
üõ∞ http://remoteok.io
üßî http://hoodmaps.com
üìï http://makebook.io
üè° http://rebase.to
ü§≥ http://qrmn.co

üìº http://yt.vu/6reLWfFNer0

üßò‚Äç‚ôÄÔ∏è away from twtr to irl",https://twitter.com/JohnONolan/status/1211940764277624832,,,301,39,97200,1211940764277624832,1211945811300376576
2019-12-31T09:22:49.000Z,https://twitter.com/JohnONolan/status/1211940764277624832,https://pbs.twimg.com/profile_images/1064595509472456704/XyL-qE64_400x400.jpg,JohnONolan,"TIL alcohol is a carcinogen, even in small amounts, and South Korea (+ soon Ireland) have mandatory cancer warnings on consumer labels because of it üò∂

https://www.economist.com/the-world-in/2019/12/30/drinking-is-going-out-of-style",,John O'Nolan üè¥‚Äç‚ò†Ô∏è,Thailand üáπüá≠,"Founder/CEO @Ghost - Geographically restless. Publishing, open source, and independent business around the world.",https://www.economist.com/the-world-in/2019/12/30/drinking-is-going-out-of-style,,,158,36,28920,,1211940764277624832
2020-01-24T08:05:01.000Z,https://twitter.com/peoplefirstjobs/status/1220618491558027265,https://pbs.twimg.com/profile_images/1250081992663650304/aBuVoI1-_400x400.jpg,peoplefirstjobs,"‚ÄúTo achieve the same amount of work in less time, we have to make sure that we‚Äôre all working on the right things and that everyone is clear on their part in our combined success.‚Äù @natalienagele shares how we make 32 hour work weeks feasible @Wildbit https://buff.ly/2R2mpNA",,People-First Jobs,,A job board for companies who put people first. From the team @wildbit.,https://buff.ly/2R2mpNA,Reducing hours by focusing your job | Wildbit,"In order for 32-hour weeks to work, we need to focus and do our best to work efficiently, and clarifying our roles is one of the things we're doing.",1,0,590,,1220618491558027265
2020-01-23T04:42:38.000Z,https://twitter.com/barstoolsports/status/1220205172955238400,https://pbs.twimg.com/profile_images/1222128514624892935/zC0ABl3m_400x400.jpg,barstoolsports,Give this guy all of the awards. Every single one of them. https://twitter.com/QuickestTempa/status/1220034415813779456/video/1,https://pbs.twimg.com/ext_tw_video_thumb/1220034316714958848/pu/img/Eor1dUol2m0ywieD.jpg,Barstool Sports,America,Viva La Stool - Download the Barstool Sports app https://www.barstoolsports.com/download,,,,182594,27314,2683663,,1220205172955238400
2019-12-25T16:56:53.000Z,https://twitter.com/alinelernerLLC/status/1209880705427099649,https://pbs.twimg.com/profile_images/1285714852674072576/nuBplxfM_400x400.jpg,alinelernerLLC,"1/""'To scale custom-made bras, you must become a custom bra-maker.' In the end, we became a custom bra-maker, but we realized we could not scale.""

-&gt;

""To scale recruiting, you must become a recruiter. In the end, we became recruiters, but we realized we could not scale."" So...",,Aline Lerner,San Francisco,"Quantitative cynic. Erstwhile MIT lecturer. Founder of @interviewingio. Engineers go here, it's good: http://interviewing.io/signup

‚ïØ¬∞‚ñ°¬∞Ôºâ‚ïØÔ∏µ buƒ±…πƒ±…•",,,,7,0,4557,,1209880705427099649
2020-01-22T05:58:48.000Z,https://twitter.com/JaysonElliot/status/1219861955256541187,https://pbs.twimg.com/profile_images/1342591838536884224/HhmViRnR_400x400.jpg,JaysonElliot,Holy shitballs fuck this company https://twitter.com/JaysonElliot/status/1219861955256541187/photo/1,https://pbs.twimg.com/media/EO3R-fPUcAAVQjc.jpg,Jayson Elliot,Top Secret NWO / TSR Games,The eighteenth pale descendant of some old queen or other,,,,18026,3270,2712,,1219861955256541187
2019-12-24T18:10:50.000Z,https://twitter.com/alinelernerLLC/status/1209536928095166465,https://pbs.twimg.com/profile_images/1285714852674072576/nuBplxfM_400x400.jpg,alinelernerLLC,"5 years ago, I showed anonymized resumes to recruiters, engineers, &amp; hiring managers. Not only could they not figure out who the strong candidates were, but they all disagreed with one other.

Resumes are trash...(1/2)

http://blog.alinelerner.com/resumes-suck-heres-the-data/",,Aline Lerner,San Francisco,"Quantitative cynic. Erstwhile MIT lecturer. Founder of @interviewingio. Engineers go here, it's good: http://interviewing.io/signup

‚ïØ¬∞‚ñ°¬∞Ôºâ‚ïØÔ∏µ buƒ±…πƒ±…•",http://blog.alinelerner.com/resumes-suck-heres-the-data/,Resumes suck. Here's the data. - Aline Lerner's BlogAline Lerner's Blog Resumes suck. Here‚Äôs the data. Resumes suck. Here's the data. - Aline Lerner's Blog,"In this experiment, I wanted to see how good engineers and recruiters were at resume-based candidate filtering. Going into it, I was pretty sure that engineers would do a much better job than recruiters. However, that‚Äôs not what happened at all. As it turned out, people were pretty bad at filtering resumes across the board, and after running the numbers, it began to look like resumes might not be a particularly effective filtering tool in the first place. About a year ago, after looking at the resumes of engineers we had interviewed at TrialPay in 2012, I learned that the strongest signal for whether someone woul",71,22,4557,,1209536928095166465
2020-01-23T22:00:33.000Z,https://twitter.com/joelgascoigne/status/1220466376453672960,https://pbs.twimg.com/profile_images/1212260099604897792/OU6OulZj_400x400.jpg,joelgascoigne,@xoelipedes @danielpearson @tiggreen Yes! Here's one: https://open.buffer.com/getting-started-side-projects/,,Joel Gascoigne,"Boulder, CO","Co-founder & CEO, @Buffer. Finding my own path in business and life. Love to ski, surf, mountain bike. #BlackLivesMatter",https://open.buffer.com/getting-started-side-projects/,8 Ideas for Getting Started on a Side Project and 37 Side Projects From the Buffer Team,How do you make time for side projects? Which ones should you choose? Here are some tips from the Buffer team plus all our side projects we're working on!,3,0,74099,,1220466376453672960
